-- phpMyAdmin SQL Dump
-- version 4.7.3
-- https://www.phpmyadmin.net/
--
-- Host: localhost:3306
-- Generation Time: Apr 18, 2018 at 07:51 PM
-- Server version: 5.6.36-82.1-log
-- PHP Version: 5.6.30

SET SQL_MODE = "NO_AUTO_VALUE_ON_ZERO";
SET AUTOCOMMIT = 0;
START TRANSACTION;
SET time_zone = "+00:00";


/*!40101 SET @OLD_CHARACTER_SET_CLIENT=@@CHARACTER_SET_CLIENT */;
/*!40101 SET @OLD_CHARACTER_SET_RESULTS=@@CHARACTER_SET_RESULTS */;
/*!40101 SET @OLD_COLLATION_CONNECTION=@@COLLATION_CONNECTION */;
/*!40101 SET NAMES utf8mb4 */;

--
-- Database: `helpusth_wp511`
--

-- --------------------------------------------------------

--
-- Table structure for table `choreassignment`
--

CREATE TABLE `choreassignment` (
  `choreassignmentID` int(11) NOT NULL,
  `choreID` int(11) NOT NULL,
  `memberID` int(11) NOT NULL,
  `choreCompleted` date DEFAULT NULL
) ENGINE=InnoDB DEFAULT CHARSET=latin1;

--
-- Dumping data for table `choreassignment`
--

INSERT INTO `choreassignment` (`choreassignmentID`, `choreID`, `memberID`, `choreCompleted`) VALUES
(1, 18, 53, NULL),
(2, 19, 53, NULL),
(3, 124, 53, NULL),
(4, 126, 53, NULL),
(5, 127, 53, NULL),
(6, 128, 53, NULL),
(7, 129, 53, NULL),
(8, 130, 53, NULL),
(9, 131, 53, NULL),
(10, 132, 53, NULL),
(11, 18, 54, NULL),
(12, 19, 54, NULL),
(13, 124, 54, NULL),
(14, 126, 54, NULL),
(15, 127, 54, NULL),
(16, 128, 54, NULL),
(17, 129, 54, NULL),
(18, 130, 54, NULL),
(19, 131, 54, NULL),
(20, 132, 54, NULL),
(21, 18, 55, NULL),
(22, 19, 55, NULL),
(23, 124, 55, NULL),
(24, 126, 55, NULL),
(25, 127, 55, NULL),
(26, 128, 55, NULL),
(27, 129, 55, NULL),
(28, 130, 55, NULL),
(29, 131, 55, NULL),
(30, 132, 55, NULL),
(31, 18, 56, NULL),
(32, 19, 56, NULL),
(33, 124, 56, NULL),
(34, 126, 56, NULL),
(35, 127, 56, NULL),
(36, 128, 56, NULL),
(37, 129, 56, NULL);

-- --------------------------------------------------------

--
-- Table structure for table `chorehouseassignment`
--

CREATE TABLE `chorehouseassignment` (
  `chorehouseassignmentID` int(11) NOT NULL,
  `houseID` int(11) NOT NULL,
  `choreID` int(11) NOT NULL
) ENGINE=InnoDB DEFAULT CHARSET=latin1;

--
-- Dumping data for table `chorehouseassignment`
--

INSERT INTO `chorehouseassignment` (`chorehouseassignmentID`, `houseID`, `choreID`) VALUES
(1, 35, 1),
(2, 35, 2),
(3, 35, 3),
(4, 35, 4),
(5, 35, 5),
(6, 35, 6),
(7, 35, 7),
(8, 35, 8),
(9, 35, 9),
(10, 35, 10),
(11, 35, 11),
(12, 35, 12),
(13, 35, 13),
(14, 35, 14),
(15, 35, 15),
(16, 35, 16),
(17, 35, 17),
(18, 35, 105),
(19, 35, 106),
(20, 35, 107),
(21, 35, 108),
(22, 35, 109),
(23, 35, 110),
(24, 35, 111),
(25, 35, 112),
(26, 35, 113),
(27, 35, 114),
(28, 35, 115),
(29, 35, 116),
(30, 35, 117),
(31, 35, 118),
(32, 35, 119),
(33, 35, 144),
(34, 35, 149),
(35, 35, 150),
(36, 35, 151),
(37, 35, 20),
(38, 35, 21),
(39, 35, 22),
(40, 35, 23),
(41, 35, 24),
(42, 35, 25),
(43, 35, 26),
(44, 35, 27),
(45, 35, 28),
(46, 35, 29),
(47, 35, 30),
(48, 35, 31),
(49, 35, 32),
(50, 35, 33),
(51, 35, 34),
(52, 35, 35),
(53, 35, 36),
(54, 35, 37),
(55, 35, 38),
(56, 35, 39),
(57, 35, 40),
(58, 35, 41),
(59, 35, 42),
(60, 35, 43),
(61, 35, 44),
(62, 35, 45),
(63, 35, 46),
(64, 35, 47),
(65, 35, 48),
(66, 35, 49),
(67, 35, 50),
(68, 35, 51),
(69, 35, 52),
(70, 35, 53),
(71, 35, 55),
(72, 35, 56),
(73, 35, 57),
(74, 35, 58),
(75, 35, 59),
(76, 35, 60),
(77, 35, 61),
(78, 35, 62),
(79, 35, 63),
(80, 35, 64),
(81, 35, 65),
(82, 35, 66),
(83, 35, 67),
(84, 35, 68),
(85, 35, 69),
(86, 35, 70),
(87, 35, 71),
(88, 35, 72),
(89, 35, 73),
(90, 35, 74),
(91, 35, 75),
(92, 35, 76),
(93, 35, 77),
(94, 35, 78),
(95, 35, 79),
(96, 35, 80),
(97, 35, 81),
(98, 35, 82),
(99, 35, 83),
(100, 35, 84),
(101, 35, 85),
(102, 35, 86),
(103, 35, 87),
(104, 35, 88),
(105, 35, 89),
(106, 35, 90),
(107, 35, 91),
(108, 35, 92),
(109, 35, 93),
(110, 35, 94),
(111, 35, 95),
(112, 35, 96),
(113, 35, 97),
(114, 35, 98),
(115, 35, 99),
(116, 35, 100),
(117, 35, 101),
(118, 35, 102),
(119, 35, 103),
(120, 35, 104),
(121, 35, 105),
(122, 35, 106),
(123, 35, 107),
(124, 35, 108),
(125, 35, 109),
(126, 35, 110),
(127, 35, 111),
(128, 35, 112),
(129, 35, 113),
(130, 35, 114),
(131, 35, 115),
(132, 35, 116),
(133, 35, 117),
(134, 35, 118),
(135, 35, 119),
(136, 35, 120),
(137, 35, 121),
(138, 35, 122),
(139, 35, 138),
(140, 35, 139),
(141, 35, 140),
(142, 35, 141),
(143, 35, 142),
(144, 35, 143),
(145, 35, 144),
(146, 35, 145),
(147, 35, 146),
(148, 35, 147),
(149, 35, 148),
(150, 35, 149),
(151, 35, 150),
(152, 35, 151),
(153, 35, 20),
(154, 35, 21),
(155, 35, 22),
(156, 35, 23),
(157, 35, 24),
(158, 35, 25),
(159, 35, 26),
(160, 35, 27),
(161, 35, 28),
(162, 35, 29),
(163, 35, 30),
(164, 35, 31),
(165, 35, 32),
(166, 35, 33),
(167, 35, 34),
(168, 35, 35),
(169, 35, 36),
(170, 35, 37),
(171, 35, 38),
(172, 35, 39),
(173, 35, 40),
(174, 35, 41),
(175, 35, 42),
(176, 35, 43),
(177, 35, 44),
(178, 35, 45),
(179, 35, 46),
(180, 35, 47),
(181, 35, 48),
(182, 35, 49),
(183, 35, 50),
(184, 35, 51),
(185, 35, 52),
(186, 35, 53),
(187, 35, 55),
(188, 35, 56),
(189, 35, 57),
(190, 35, 58),
(191, 35, 59),
(192, 35, 60),
(193, 35, 61),
(194, 35, 62),
(195, 35, 63),
(196, 35, 64),
(197, 35, 65),
(198, 35, 66),
(199, 35, 67),
(200, 35, 68),
(201, 35, 69),
(202, 35, 70),
(203, 35, 71),
(204, 35, 72),
(205, 35, 73),
(206, 35, 74),
(207, 35, 75),
(208, 35, 76),
(209, 35, 77),
(210, 35, 78),
(211, 35, 79),
(212, 35, 80),
(213, 35, 81),
(214, 35, 82),
(215, 35, 83),
(216, 35, 84),
(217, 35, 85),
(218, 35, 86),
(219, 35, 87),
(220, 35, 88),
(221, 35, 89),
(222, 35, 90),
(223, 35, 91),
(224, 35, 92),
(225, 35, 93),
(226, 35, 94),
(227, 35, 95),
(228, 35, 96),
(229, 35, 97),
(230, 35, 98),
(231, 35, 99),
(232, 35, 100),
(233, 35, 101),
(234, 35, 102),
(235, 35, 103),
(236, 35, 104),
(237, 35, 105),
(238, 35, 106),
(239, 35, 107),
(240, 35, 108),
(241, 35, 109),
(242, 35, 110),
(243, 35, 111),
(244, 35, 112),
(245, 35, 113),
(246, 35, 114),
(247, 35, 115),
(248, 35, 116),
(249, 35, 117),
(250, 35, 118),
(251, 35, 119),
(252, 35, 120),
(253, 35, 121),
(254, 35, 122),
(255, 35, 138),
(256, 35, 139),
(257, 35, 140),
(258, 35, 141),
(259, 35, 142),
(260, 35, 143),
(261, 35, 144),
(262, 35, 145),
(263, 35, 146),
(264, 35, 147),
(265, 35, 148),
(266, 35, 149),
(267, 35, 150),
(268, 35, 151),
(269, 35, 143),
(270, 35, 144),
(271, 35, 146),
(272, 35, 147),
(273, 35, 148),
(274, 35, 149),
(275, 35, 143),
(276, 35, 144),
(277, 35, 146),
(278, 35, 147),
(279, 35, 148),
(280, 35, 149),
(281, 35, 143),
(282, 35, 144),
(283, 35, 146),
(284, 35, 147),
(285, 35, 148),
(286, 35, 149),
(287, 35, 143),
(288, 35, 144),
(289, 35, 146),
(290, 35, 147),
(291, 35, 148),
(292, 35, 149),
(293, 35, 1),
(294, 35, 2),
(295, 35, 3),
(296, 35, 4),
(297, 35, 5),
(298, 35, 6),
(299, 35, 7),
(300, 35, 8),
(301, 35, 9),
(302, 35, 10),
(303, 35, 11),
(304, 35, 12),
(305, 35, 13),
(306, 35, 14),
(307, 35, 20),
(308, 35, 21),
(309, 35, 22),
(310, 35, 23),
(311, 35, 24),
(312, 35, 25),
(313, 35, 26),
(314, 35, 27),
(315, 35, 28),
(316, 35, 29),
(317, 35, 30),
(318, 35, 31),
(319, 35, 32),
(320, 35, 33),
(321, 35, 34),
(322, 35, 35),
(323, 35, 36),
(324, 35, 37),
(325, 35, 38),
(326, 35, 39),
(327, 35, 40),
(328, 35, 41),
(329, 35, 42),
(330, 35, 43),
(331, 35, 44),
(332, 35, 45),
(333, 35, 46),
(334, 35, 47),
(335, 35, 48),
(336, 35, 49),
(337, 35, 50),
(338, 35, 51),
(339, 35, 52),
(340, 35, 53),
(341, 35, 55),
(342, 35, 56),
(343, 35, 57),
(344, 35, 58),
(345, 35, 59),
(346, 35, 60),
(347, 35, 61),
(348, 35, 62),
(349, 35, 63),
(350, 35, 64),
(351, 35, 65),
(352, 35, 66),
(353, 35, 67),
(354, 35, 68),
(355, 35, 69),
(356, 35, 70),
(357, 35, 71),
(358, 35, 72),
(359, 35, 73),
(360, 35, 74),
(361, 35, 75),
(362, 35, 76),
(363, 35, 77),
(364, 35, 78),
(365, 35, 79),
(366, 35, 80),
(367, 35, 81),
(368, 35, 82),
(369, 35, 83),
(370, 35, 84),
(371, 35, 85),
(372, 35, 86),
(373, 35, 87),
(374, 35, 88),
(375, 35, 89),
(376, 35, 90),
(377, 35, 91),
(378, 35, 92),
(379, 35, 93),
(380, 35, 94),
(381, 35, 95),
(382, 35, 96),
(383, 35, 97),
(384, 35, 98),
(385, 35, 99),
(386, 35, 100),
(387, 35, 101),
(388, 35, 102),
(389, 35, 103),
(390, 35, 104),
(391, 35, 105),
(392, 35, 106),
(393, 35, 107),
(394, 35, 108),
(395, 35, 109),
(396, 35, 110),
(397, 35, 111),
(398, 35, 112),
(399, 35, 113),
(400, 35, 114),
(401, 35, 115),
(402, 35, 116),
(403, 35, 117),
(404, 35, 118),
(405, 35, 119),
(406, 35, 120),
(407, 35, 121),
(408, 35, 122),
(409, 35, 138),
(410, 35, 139),
(411, 35, 140),
(412, 35, 141),
(413, 35, 142),
(414, 35, 143),
(415, 35, 144),
(416, 35, 145),
(417, 35, 146),
(418, 35, 147),
(419, 35, 148),
(420, 35, 149),
(421, 35, 150),
(422, 35, 151),
(423, 35, 20),
(424, 35, 21),
(425, 35, 22),
(426, 35, 23),
(427, 35, 24),
(428, 35, 25),
(429, 35, 26),
(430, 35, 27),
(431, 35, 28),
(432, 35, 29),
(433, 35, 30),
(434, 35, 31),
(435, 35, 32),
(436, 35, 33),
(437, 35, 34),
(438, 35, 35),
(439, 35, 36),
(440, 35, 37),
(441, 35, 38),
(442, 35, 39),
(443, 35, 40),
(444, 35, 41),
(445, 35, 42),
(446, 35, 43),
(447, 35, 44),
(448, 35, 45),
(449, 35, 46),
(450, 35, 47),
(451, 35, 48),
(452, 35, 49),
(453, 35, 50),
(454, 35, 51),
(455, 35, 52),
(456, 35, 53),
(457, 35, 55),
(458, 35, 56),
(459, 35, 57),
(460, 35, 58),
(461, 35, 59),
(462, 35, 60),
(463, 35, 61),
(464, 35, 62),
(465, 35, 63),
(466, 35, 64),
(467, 35, 65),
(468, 35, 66),
(469, 35, 67),
(470, 35, 68),
(471, 35, 69),
(472, 35, 70),
(473, 35, 71),
(474, 35, 72),
(475, 35, 73),
(476, 35, 74),
(477, 35, 75),
(478, 35, 76),
(479, 35, 77),
(480, 35, 78),
(481, 35, 79),
(482, 35, 80),
(483, 35, 81),
(484, 35, 82),
(485, 35, 83),
(486, 35, 84),
(487, 35, 85),
(488, 35, 86),
(489, 35, 87),
(490, 35, 88),
(491, 35, 89),
(492, 35, 90),
(493, 35, 91),
(494, 35, 92),
(495, 35, 93),
(496, 35, 94),
(497, 35, 95),
(498, 35, 96),
(499, 35, 97),
(500, 35, 98),
(501, 35, 99),
(502, 35, 100),
(503, 35, 101),
(504, 35, 102),
(505, 35, 103),
(506, 35, 104),
(507, 35, 105),
(508, 35, 106),
(509, 35, 107),
(510, 35, 108),
(511, 35, 109),
(512, 35, 110),
(513, 35, 111),
(514, 35, 112),
(515, 35, 113),
(516, 35, 114),
(517, 35, 115),
(518, 35, 116),
(519, 35, 117),
(520, 35, 118),
(521, 35, 119),
(522, 35, 120),
(523, 35, 121),
(524, 35, 122),
(525, 35, 138),
(526, 35, 139),
(527, 35, 140),
(528, 35, 141),
(529, 35, 142),
(530, 35, 143),
(531, 35, 144),
(532, 35, 145),
(533, 35, 146),
(534, 35, 147),
(535, 35, 148),
(536, 35, 149),
(537, 35, 150),
(538, 35, 151),
(539, 35, 20),
(540, 35, 21),
(541, 35, 22),
(542, 35, 23),
(543, 35, 24),
(544, 35, 25),
(545, 35, 26),
(546, 35, 27),
(547, 35, 28),
(548, 35, 29),
(549, 35, 30),
(550, 35, 31),
(551, 35, 32),
(552, 35, 33),
(553, 35, 34),
(554, 35, 35),
(555, 35, 36),
(556, 35, 37),
(557, 35, 38),
(558, 35, 39),
(559, 35, 40),
(560, 35, 41),
(561, 35, 42),
(562, 35, 43),
(563, 35, 44),
(564, 35, 45),
(565, 35, 46),
(566, 35, 47),
(567, 35, 48),
(568, 35, 49),
(569, 35, 50),
(570, 35, 51),
(571, 35, 52),
(572, 35, 53),
(573, 35, 55),
(574, 35, 56),
(575, 35, 57),
(576, 35, 58),
(577, 35, 59),
(578, 35, 60),
(579, 35, 61),
(580, 35, 62),
(581, 35, 63),
(582, 35, 64),
(583, 35, 65),
(584, 35, 66),
(585, 35, 67),
(586, 35, 68),
(587, 35, 69),
(588, 35, 70),
(589, 35, 71),
(590, 35, 72),
(591, 35, 73),
(592, 35, 74),
(593, 35, 75),
(594, 35, 76),
(595, 35, 77),
(596, 35, 78),
(597, 35, 79),
(598, 35, 80),
(599, 35, 81),
(600, 35, 82),
(601, 35, 83),
(602, 35, 84),
(603, 35, 85),
(604, 35, 86),
(605, 35, 87),
(606, 35, 88),
(607, 35, 89),
(608, 35, 90),
(609, 35, 91),
(610, 35, 92),
(611, 35, 93),
(612, 35, 94),
(613, 35, 95),
(614, 35, 96),
(615, 35, 97),
(616, 35, 98),
(617, 35, 99),
(618, 35, 100),
(619, 35, 101),
(620, 35, 102),
(621, 35, 103),
(622, 35, 104),
(623, 35, 105),
(624, 35, 106),
(625, 35, 107),
(626, 35, 108),
(627, 35, 109),
(628, 35, 110),
(629, 35, 111),
(630, 35, 112),
(631, 35, 113),
(632, 35, 114),
(633, 35, 115),
(634, 35, 116),
(635, 35, 117),
(636, 35, 118),
(637, 35, 119),
(638, 35, 120),
(639, 35, 121),
(640, 35, 122),
(641, 35, 138),
(642, 35, 139),
(643, 35, 140),
(644, 35, 141),
(645, 35, 142),
(646, 35, 143),
(647, 35, 144),
(648, 35, 145),
(649, 35, 146),
(650, 35, 147),
(651, 35, 148),
(652, 35, 149),
(653, 35, 150),
(654, 35, 151),
(655, 35, 20),
(656, 35, 21),
(657, 35, 22),
(658, 35, 23),
(659, 35, 24),
(660, 35, 25),
(661, 35, 26),
(662, 35, 27),
(663, 35, 28),
(664, 35, 29),
(665, 35, 30),
(666, 35, 31),
(667, 35, 32),
(668, 35, 33),
(669, 35, 34),
(670, 35, 35),
(671, 35, 36),
(672, 35, 37),
(673, 35, 38),
(674, 35, 39),
(675, 35, 40),
(676, 35, 41),
(677, 35, 42),
(678, 35, 43),
(679, 35, 44),
(680, 35, 45),
(681, 35, 46),
(682, 35, 47),
(683, 35, 48),
(684, 35, 49),
(685, 35, 50),
(686, 35, 51),
(687, 35, 52),
(688, 35, 53),
(689, 35, 55),
(690, 35, 56),
(691, 35, 57),
(692, 35, 58),
(693, 35, 59),
(694, 35, 60),
(695, 35, 61),
(696, 35, 62),
(697, 35, 63),
(698, 35, 64),
(699, 35, 65),
(700, 35, 66),
(701, 35, 67),
(702, 35, 68),
(703, 35, 69),
(704, 35, 70),
(705, 35, 71),
(706, 35, 72),
(707, 35, 73),
(708, 35, 74),
(709, 35, 75),
(710, 35, 76),
(711, 35, 77),
(712, 35, 78),
(713, 35, 79),
(714, 35, 80),
(715, 35, 81),
(716, 35, 82),
(717, 35, 83),
(718, 35, 84),
(719, 35, 85),
(720, 35, 86),
(721, 35, 87),
(722, 35, 88),
(723, 35, 89),
(724, 35, 90),
(725, 35, 91),
(726, 35, 92),
(727, 35, 93),
(728, 35, 94),
(729, 35, 95),
(730, 35, 96),
(731, 35, 97),
(732, 35, 98),
(733, 35, 99),
(734, 35, 100),
(735, 35, 101),
(736, 35, 102),
(737, 35, 103),
(738, 35, 104),
(739, 35, 105),
(740, 35, 106),
(741, 35, 107),
(742, 35, 108),
(743, 35, 109),
(744, 35, 110),
(745, 35, 111),
(746, 35, 112),
(747, 35, 113),
(748, 35, 114),
(749, 35, 115),
(750, 35, 116),
(751, 35, 117),
(752, 35, 118),
(753, 35, 119),
(754, 35, 120),
(755, 35, 121),
(756, 35, 122),
(757, 35, 138),
(758, 35, 139),
(759, 35, 140),
(760, 35, 141),
(761, 35, 142),
(762, 35, 143),
(763, 35, 144),
(764, 35, 145),
(765, 35, 146),
(766, 35, 147),
(767, 35, 148),
(768, 35, 149),
(769, 35, 150),
(770, 35, 151),
(771, 35, 20),
(772, 35, 21),
(773, 35, 22),
(774, 35, 23),
(775, 35, 24),
(776, 35, 25),
(777, 35, 26),
(778, 35, 27),
(779, 35, 28),
(780, 35, 29),
(781, 35, 30),
(782, 35, 31),
(783, 35, 32),
(784, 35, 33),
(785, 35, 34),
(786, 35, 35),
(787, 35, 36),
(788, 35, 37),
(789, 35, 38),
(790, 35, 39),
(791, 35, 40),
(792, 35, 41),
(793, 35, 42),
(794, 35, 43),
(795, 35, 44),
(796, 35, 45),
(797, 35, 46),
(798, 35, 47),
(799, 35, 48),
(800, 35, 49),
(801, 35, 50),
(802, 35, 51),
(803, 35, 52),
(804, 35, 53),
(805, 35, 55),
(806, 35, 56),
(807, 35, 57),
(808, 35, 58),
(809, 35, 59),
(810, 35, 60),
(811, 35, 61),
(812, 35, 62),
(813, 35, 63),
(814, 35, 64),
(815, 35, 65),
(816, 35, 66),
(817, 35, 67),
(818, 35, 68),
(819, 35, 69),
(820, 35, 70),
(821, 35, 71),
(822, 35, 72),
(823, 35, 73),
(824, 35, 74),
(825, 35, 75),
(826, 35, 76),
(827, 35, 77),
(828, 35, 78),
(829, 35, 79),
(830, 35, 80),
(831, 35, 81),
(832, 35, 82),
(833, 35, 83),
(834, 35, 84),
(835, 35, 85),
(836, 35, 86),
(837, 35, 87),
(838, 35, 88),
(839, 35, 89),
(840, 35, 90),
(841, 35, 91),
(842, 35, 92),
(843, 35, 93),
(844, 35, 94),
(845, 35, 95),
(846, 35, 96),
(847, 35, 97),
(848, 35, 98),
(849, 35, 99),
(850, 35, 100),
(851, 35, 101),
(852, 35, 102),
(853, 35, 103),
(854, 35, 104),
(855, 35, 105),
(856, 35, 106),
(857, 35, 107),
(858, 35, 108),
(859, 35, 109),
(860, 35, 110),
(861, 35, 111),
(862, 35, 112),
(863, 35, 113),
(864, 35, 114),
(865, 35, 115),
(866, 35, 116),
(867, 35, 117),
(868, 35, 118),
(869, 35, 119),
(870, 35, 120),
(871, 35, 121),
(872, 35, 122),
(873, 35, 138),
(874, 35, 139),
(875, 35, 140),
(876, 35, 141),
(877, 35, 142),
(878, 35, 143),
(879, 35, 144),
(880, 35, 145),
(881, 35, 146),
(882, 35, 147),
(883, 35, 148),
(884, 35, 149),
(885, 35, 150),
(886, 35, 151),
(887, 35, 20),
(888, 35, 21),
(889, 35, 22),
(890, 35, 23),
(891, 35, 24),
(892, 35, 25),
(893, 35, 26),
(894, 35, 27),
(895, 35, 28),
(896, 35, 29),
(897, 35, 30),
(898, 35, 31),
(899, 35, 32),
(900, 35, 33),
(901, 35, 34),
(902, 35, 35),
(903, 35, 36),
(904, 35, 37),
(905, 35, 38),
(906, 35, 39),
(907, 35, 40),
(908, 35, 41),
(909, 35, 42),
(910, 35, 43),
(911, 35, 44),
(912, 35, 45),
(913, 35, 46),
(914, 35, 47),
(915, 35, 48),
(916, 35, 49),
(917, 35, 50),
(918, 35, 51),
(919, 35, 52),
(920, 35, 53),
(921, 35, 55),
(922, 35, 56),
(923, 35, 57),
(924, 35, 58),
(925, 35, 59),
(926, 35, 60),
(927, 35, 61),
(928, 35, 62),
(929, 35, 63),
(930, 35, 64),
(931, 35, 65),
(932, 35, 66),
(933, 35, 67),
(934, 35, 68),
(935, 35, 69),
(936, 35, 70),
(937, 35, 71),
(938, 35, 72),
(939, 35, 73),
(940, 35, 74),
(941, 35, 75),
(942, 35, 76),
(943, 35, 77),
(944, 35, 78),
(945, 35, 79),
(946, 35, 80),
(947, 35, 81),
(948, 35, 82),
(949, 35, 83),
(950, 35, 84),
(951, 35, 85),
(952, 35, 86),
(953, 35, 87),
(954, 35, 88),
(955, 35, 89),
(956, 35, 90),
(957, 35, 91),
(958, 35, 92),
(959, 35, 93),
(960, 35, 94),
(961, 35, 95),
(962, 35, 96),
(963, 35, 97),
(964, 35, 98),
(965, 35, 99),
(966, 35, 100),
(967, 35, 101),
(968, 35, 102),
(969, 35, 103),
(970, 35, 104),
(971, 35, 105),
(972, 35, 106),
(973, 35, 107),
(974, 35, 108),
(975, 35, 109),
(976, 35, 110),
(977, 35, 111),
(978, 35, 112),
(979, 35, 113),
(980, 35, 114),
(981, 35, 115),
(982, 35, 116),
(983, 35, 117),
(984, 35, 118),
(985, 35, 119),
(986, 35, 120),
(987, 35, 121),
(988, 35, 122),
(989, 35, 138),
(990, 35, 139),
(991, 35, 140),
(992, 35, 141),
(993, 35, 142),
(994, 35, 143),
(995, 35, 144),
(996, 35, 145),
(997, 35, 146),
(998, 35, 147),
(999, 35, 148),
(1000, 35, 149),
(1001, 35, 150),
(1002, 35, 151),
(1003, 35, 20),
(1004, 35, 21),
(1005, 35, 22),
(1006, 35, 23),
(1007, 35, 24),
(1008, 35, 25),
(1009, 35, 26),
(1010, 35, 27),
(1011, 35, 28),
(1012, 35, 29),
(1013, 35, 30),
(1014, 35, 31),
(1015, 35, 32),
(1016, 35, 33),
(1017, 35, 34),
(1018, 35, 35),
(1019, 35, 36),
(1020, 35, 37),
(1021, 35, 38),
(1022, 35, 39),
(1023, 35, 40),
(1024, 35, 41),
(1025, 35, 42),
(1026, 35, 43),
(1027, 35, 44),
(1028, 35, 45),
(1029, 35, 46),
(1030, 35, 47),
(1031, 35, 48),
(1032, 35, 49),
(1033, 35, 50),
(1034, 35, 51),
(1035, 35, 52),
(1036, 35, 53),
(1037, 35, 55),
(1038, 35, 56),
(1039, 35, 57),
(1040, 35, 58),
(1041, 35, 59),
(1042, 35, 60),
(1043, 35, 61),
(1044, 35, 62),
(1045, 35, 63),
(1046, 35, 64),
(1047, 35, 65),
(1048, 35, 66),
(1049, 35, 67),
(1050, 35, 68),
(1051, 35, 69),
(1052, 35, 70),
(1053, 35, 71),
(1054, 35, 72),
(1055, 35, 73),
(1056, 35, 74),
(1057, 35, 75),
(1058, 35, 76),
(1059, 35, 77),
(1060, 35, 78),
(1061, 35, 79),
(1062, 35, 80),
(1063, 35, 81),
(1064, 35, 82),
(1065, 35, 83),
(1066, 35, 84),
(1067, 35, 85),
(1068, 35, 86),
(1069, 35, 87),
(1070, 35, 88),
(1071, 35, 89),
(1072, 35, 90),
(1073, 35, 91),
(1074, 35, 92),
(1075, 35, 93),
(1076, 35, 94),
(1077, 35, 95),
(1078, 35, 96),
(1079, 35, 97),
(1080, 35, 98),
(1081, 35, 99),
(1082, 35, 100),
(1083, 35, 101),
(1084, 35, 102),
(1085, 35, 103),
(1086, 35, 104),
(1087, 35, 105),
(1088, 35, 106),
(1089, 35, 107),
(1090, 35, 108),
(1091, 35, 109),
(1092, 35, 110),
(1093, 35, 111),
(1094, 35, 112),
(1095, 35, 113),
(1096, 35, 114),
(1097, 35, 115),
(1098, 35, 116),
(1099, 35, 117),
(1100, 35, 118),
(1101, 35, 119),
(1102, 35, 120),
(1103, 35, 121),
(1104, 35, 122),
(1105, 35, 138),
(1106, 35, 139),
(1107, 35, 140),
(1108, 35, 141),
(1109, 35, 142),
(1110, 35, 143),
(1111, 35, 144),
(1112, 35, 145),
(1113, 35, 146),
(1114, 35, 147),
(1115, 35, 148),
(1116, 35, 149),
(1117, 35, 150),
(1118, 35, 151),
(1119, 35, 20),
(1120, 35, 21),
(1121, 35, 22),
(1122, 35, 23),
(1123, 35, 24),
(1124, 35, 25),
(1125, 35, 26),
(1126, 35, 27),
(1127, 35, 28),
(1128, 35, 29),
(1129, 35, 30),
(1130, 35, 31),
(1131, 35, 32),
(1132, 35, 33),
(1133, 35, 34),
(1134, 35, 35),
(1135, 35, 36),
(1136, 35, 37),
(1137, 35, 38),
(1138, 35, 39),
(1139, 35, 40),
(1140, 35, 41),
(1141, 35, 42),
(1142, 35, 43),
(1143, 35, 44),
(1144, 35, 45),
(1145, 35, 46),
(1146, 35, 47),
(1147, 35, 48),
(1148, 35, 49),
(1149, 35, 50),
(1150, 35, 51),
(1151, 35, 52),
(1152, 35, 53),
(1153, 35, 55),
(1154, 35, 56),
(1155, 35, 57),
(1156, 35, 58),
(1157, 35, 59),
(1158, 35, 60),
(1159, 35, 61),
(1160, 35, 62),
(1161, 35, 63),
(1162, 35, 64),
(1163, 35, 65),
(1164, 35, 66),
(1165, 35, 67),
(1166, 35, 68),
(1167, 35, 69),
(1168, 35, 70),
(1169, 35, 71),
(1170, 35, 72),
(1171, 35, 73),
(1172, 35, 74),
(1173, 35, 75),
(1174, 35, 76),
(1175, 35, 77),
(1176, 35, 78),
(1177, 35, 79),
(1178, 35, 80),
(1179, 35, 81),
(1180, 35, 82),
(1181, 35, 83),
(1182, 35, 84),
(1183, 35, 85),
(1184, 35, 86),
(1185, 35, 87),
(1186, 35, 88),
(1187, 35, 89),
(1188, 35, 90),
(1189, 35, 91),
(1190, 35, 92),
(1191, 35, 93),
(1192, 35, 94),
(1193, 35, 95),
(1194, 35, 96),
(1195, 35, 97),
(1196, 35, 98),
(1197, 35, 99),
(1198, 35, 100),
(1199, 35, 101),
(1200, 35, 102),
(1201, 35, 103),
(1202, 35, 104),
(1203, 35, 105),
(1204, 35, 106),
(1205, 35, 107),
(1206, 35, 108),
(1207, 35, 109),
(1208, 35, 110),
(1209, 35, 111),
(1210, 35, 112),
(1211, 35, 113),
(1212, 35, 114),
(1213, 35, 115),
(1214, 35, 116),
(1215, 35, 117),
(1216, 35, 118),
(1217, 35, 119),
(1218, 35, 120),
(1219, 35, 121),
(1220, 35, 122),
(1221, 35, 138),
(1222, 35, 139),
(1223, 35, 140),
(1224, 35, 141),
(1225, 35, 142),
(1226, 35, 143),
(1227, 35, 144),
(1228, 35, 145),
(1229, 35, 146),
(1230, 35, 147),
(1231, 35, 148),
(1232, 35, 149),
(1233, 35, 150),
(1234, 35, 151),
(1235, 35, 20),
(1236, 35, 21),
(1237, 35, 22),
(1238, 35, 23),
(1239, 35, 24),
(1240, 35, 25),
(1241, 35, 26),
(1242, 35, 27),
(1243, 35, 28),
(1244, 35, 29),
(1245, 35, 30),
(1246, 35, 31),
(1247, 35, 32),
(1248, 35, 33),
(1249, 35, 34),
(1250, 35, 35),
(1251, 35, 36),
(1252, 35, 37),
(1253, 35, 38),
(1254, 35, 39),
(1255, 35, 40),
(1256, 35, 41),
(1257, 35, 42),
(1258, 35, 43),
(1259, 35, 44),
(1260, 35, 45),
(1261, 35, 46),
(1262, 35, 47),
(1263, 35, 48),
(1264, 35, 49),
(1265, 35, 50),
(1266, 35, 51),
(1267, 35, 52),
(1268, 35, 53),
(1269, 35, 55),
(1270, 35, 56),
(1271, 35, 57),
(1272, 35, 58),
(1273, 35, 59),
(1274, 35, 60),
(1275, 35, 61),
(1276, 35, 62),
(1277, 35, 63),
(1278, 35, 64),
(1279, 35, 65),
(1280, 35, 66),
(1281, 35, 67),
(1282, 35, 68),
(1283, 35, 69),
(1284, 35, 70),
(1285, 35, 71),
(1286, 35, 72),
(1287, 35, 73),
(1288, 35, 74),
(1289, 35, 75),
(1290, 35, 76),
(1291, 35, 77),
(1292, 35, 78),
(1293, 35, 79),
(1294, 35, 80),
(1295, 35, 81),
(1296, 35, 82),
(1297, 35, 83),
(1298, 35, 84),
(1299, 35, 85),
(1300, 35, 86),
(1301, 35, 87),
(1302, 35, 88),
(1303, 35, 89),
(1304, 35, 90),
(1305, 35, 91),
(1306, 35, 92),
(1307, 35, 93),
(1308, 35, 94),
(1309, 35, 95),
(1310, 35, 96),
(1311, 35, 97),
(1312, 35, 98),
(1313, 35, 99),
(1314, 35, 100),
(1315, 35, 101),
(1316, 35, 102),
(1317, 35, 103),
(1318, 35, 104),
(1319, 35, 105),
(1320, 35, 106),
(1321, 35, 107),
(1322, 35, 108),
(1323, 35, 109),
(1324, 35, 110),
(1325, 35, 111),
(1326, 35, 112),
(1327, 35, 113),
(1328, 35, 114),
(1329, 35, 115),
(1330, 35, 116),
(1331, 35, 117),
(1332, 35, 118),
(1333, 35, 119),
(1334, 35, 120),
(1335, 35, 121),
(1336, 35, 122),
(1337, 35, 138),
(1338, 35, 139),
(1339, 35, 140),
(1340, 35, 141),
(1341, 35, 142),
(1342, 35, 143),
(1343, 35, 144),
(1344, 35, 145),
(1345, 35, 146),
(1346, 35, 147),
(1347, 35, 148),
(1348, 35, 149),
(1349, 35, 150),
(1350, 35, 151),
(1351, 35, 20),
(1352, 35, 21),
(1353, 35, 22),
(1354, 35, 23),
(1355, 35, 24),
(1356, 35, 25),
(1357, 35, 26),
(1358, 35, 27),
(1359, 35, 28),
(1360, 35, 29),
(1361, 35, 30),
(1362, 35, 31),
(1363, 35, 32),
(1364, 35, 33),
(1365, 35, 34),
(1366, 35, 35),
(1367, 35, 36),
(1368, 35, 37),
(1369, 35, 38),
(1370, 35, 39),
(1371, 35, 40),
(1372, 35, 41),
(1373, 35, 42),
(1374, 35, 43),
(1375, 35, 44),
(1376, 35, 45),
(1377, 35, 46),
(1378, 35, 47),
(1379, 35, 48),
(1380, 35, 49),
(1381, 35, 50),
(1382, 35, 51),
(1383, 35, 52),
(1384, 35, 53),
(1385, 35, 55),
(1386, 35, 56),
(1387, 35, 57),
(1388, 35, 58),
(1389, 35, 59),
(1390, 35, 60),
(1391, 35, 61),
(1392, 35, 62),
(1393, 35, 63),
(1394, 35, 64),
(1395, 35, 65),
(1396, 35, 66),
(1397, 35, 67),
(1398, 35, 68),
(1399, 35, 69),
(1400, 35, 70),
(1401, 35, 71),
(1402, 35, 72),
(1403, 35, 73),
(1404, 35, 74),
(1405, 35, 75),
(1406, 35, 76),
(1407, 35, 77),
(1408, 35, 78),
(1409, 35, 79),
(1410, 35, 80),
(1411, 35, 81),
(1412, 35, 82),
(1413, 35, 83),
(1414, 35, 84),
(1415, 35, 85),
(1416, 35, 86),
(1417, 35, 87),
(1418, 35, 88),
(1419, 35, 89),
(1420, 35, 90),
(1421, 35, 91),
(1422, 35, 92),
(1423, 35, 93),
(1424, 35, 94),
(1425, 35, 95),
(1426, 35, 96),
(1427, 35, 97),
(1428, 35, 98),
(1429, 35, 99),
(1430, 35, 100),
(1431, 35, 101),
(1432, 35, 102),
(1433, 35, 103),
(1434, 35, 104),
(1435, 35, 105),
(1436, 35, 106),
(1437, 35, 107),
(1438, 35, 108),
(1439, 35, 109),
(1440, 35, 110),
(1441, 35, 111),
(1442, 35, 112),
(1443, 35, 113),
(1444, 35, 114),
(1445, 35, 115),
(1446, 35, 116),
(1447, 35, 117),
(1448, 35, 118),
(1449, 35, 119),
(1450, 35, 120),
(1451, 35, 121),
(1452, 35, 122),
(1453, 35, 138),
(1454, 35, 139),
(1455, 35, 140),
(1456, 35, 141),
(1457, 35, 142),
(1458, 35, 143),
(1459, 35, 144),
(1460, 35, 145),
(1461, 35, 146),
(1462, 35, 147),
(1463, 35, 148),
(1464, 35, 149),
(1465, 35, 150),
(1466, 35, 151),
(1467, 35, 20),
(1468, 35, 21),
(1469, 35, 22),
(1470, 35, 23),
(1471, 35, 24),
(1472, 35, 25),
(1473, 35, 26),
(1474, 35, 27),
(1475, 35, 28),
(1476, 35, 29),
(1477, 35, 30),
(1478, 35, 31),
(1479, 35, 32),
(1480, 35, 33),
(1481, 35, 34),
(1482, 35, 35),
(1483, 35, 36),
(1484, 35, 37),
(1485, 35, 38),
(1486, 35, 39),
(1487, 35, 40),
(1488, 35, 41),
(1489, 35, 42),
(1490, 35, 43),
(1491, 35, 44),
(1492, 35, 45),
(1493, 35, 46),
(1494, 35, 47),
(1495, 35, 48),
(1496, 35, 49),
(1497, 35, 50),
(1498, 35, 51),
(1499, 35, 52),
(1500, 35, 53),
(1501, 35, 55),
(1502, 35, 56),
(1503, 35, 57),
(1504, 35, 58),
(1505, 35, 59),
(1506, 35, 60),
(1507, 35, 61),
(1508, 35, 62),
(1509, 35, 63),
(1510, 35, 64),
(1511, 35, 65),
(1512, 35, 66),
(1513, 35, 67),
(1514, 35, 68),
(1515, 35, 69),
(1516, 35, 70),
(1517, 35, 71),
(1518, 35, 72),
(1519, 35, 73),
(1520, 35, 74),
(1521, 35, 75),
(1522, 35, 76),
(1523, 35, 77),
(1524, 35, 78),
(1525, 35, 79),
(1526, 35, 80),
(1527, 35, 81),
(1528, 35, 82),
(1529, 35, 83),
(1530, 35, 84),
(1531, 35, 85),
(1532, 35, 86),
(1533, 35, 87),
(1534, 35, 88),
(1535, 35, 89),
(1536, 35, 90),
(1537, 35, 91),
(1538, 35, 92),
(1539, 35, 93),
(1540, 35, 94),
(1541, 35, 95),
(1542, 35, 96),
(1543, 35, 97),
(1544, 35, 98),
(1545, 35, 99),
(1546, 35, 100),
(1547, 35, 101),
(1548, 35, 102),
(1549, 35, 103),
(1550, 35, 104),
(1551, 35, 105),
(1552, 35, 106),
(1553, 35, 107),
(1554, 35, 108),
(1555, 35, 109),
(1556, 35, 110),
(1557, 35, 111),
(1558, 35, 112),
(1559, 35, 113),
(1560, 35, 114),
(1561, 35, 115),
(1562, 35, 116),
(1563, 35, 117),
(1564, 35, 118),
(1565, 35, 119),
(1566, 35, 120),
(1567, 35, 121),
(1568, 35, 122),
(1569, 35, 138),
(1570, 35, 139),
(1571, 35, 140),
(1572, 35, 141),
(1573, 35, 142),
(1574, 35, 143),
(1575, 35, 144),
(1576, 35, 145),
(1577, 35, 146),
(1578, 35, 147),
(1579, 35, 148),
(1580, 35, 149),
(1581, 35, 150),
(1582, 35, 151),
(1583, 35, 20),
(1584, 35, 21),
(1585, 35, 22),
(1586, 35, 23),
(1587, 35, 24),
(1588, 35, 25),
(1589, 35, 26),
(1590, 35, 27),
(1591, 35, 28),
(1592, 35, 29),
(1593, 35, 30),
(1594, 35, 31),
(1595, 35, 32),
(1596, 35, 33),
(1597, 35, 34),
(1598, 35, 35),
(1599, 35, 36),
(1600, 35, 37),
(1601, 35, 38),
(1602, 35, 39),
(1603, 35, 40),
(1604, 35, 41),
(1605, 35, 42),
(1606, 35, 43),
(1607, 35, 44),
(1608, 35, 45),
(1609, 35, 46),
(1610, 35, 47),
(1611, 35, 48),
(1612, 35, 49),
(1613, 35, 50),
(1614, 35, 51),
(1615, 35, 52),
(1616, 35, 53),
(1617, 35, 55),
(1618, 35, 56),
(1619, 35, 57),
(1620, 35, 58),
(1621, 35, 59),
(1622, 35, 60),
(1623, 35, 61),
(1624, 35, 62),
(1625, 35, 63),
(1626, 35, 64),
(1627, 35, 65),
(1628, 35, 66),
(1629, 35, 67),
(1630, 35, 68),
(1631, 35, 69),
(1632, 35, 70),
(1633, 35, 71),
(1634, 35, 72),
(1635, 35, 73),
(1636, 35, 74),
(1637, 35, 75),
(1638, 35, 76),
(1639, 35, 77),
(1640, 35, 78),
(1641, 35, 79),
(1642, 35, 80),
(1643, 35, 81),
(1644, 35, 82),
(1645, 35, 83),
(1646, 35, 84),
(1647, 35, 85),
(1648, 35, 86),
(1649, 35, 87),
(1650, 35, 88),
(1651, 35, 89),
(1652, 35, 90),
(1653, 35, 91),
(1654, 35, 92),
(1655, 35, 93),
(1656, 35, 94),
(1657, 35, 95),
(1658, 35, 96),
(1659, 35, 97),
(1660, 35, 98),
(1661, 35, 99),
(1662, 35, 100),
(1663, 35, 101),
(1664, 35, 102),
(1665, 35, 103),
(1666, 35, 104),
(1667, 35, 105),
(1668, 35, 106),
(1669, 35, 107),
(1670, 35, 108),
(1671, 35, 109),
(1672, 35, 110),
(1673, 35, 111),
(1674, 35, 112),
(1675, 35, 113),
(1676, 35, 114),
(1677, 35, 115),
(1678, 35, 116),
(1679, 35, 117),
(1680, 35, 118),
(1681, 35, 119),
(1682, 35, 120),
(1683, 35, 121),
(1684, 35, 122),
(1685, 35, 138),
(1686, 35, 139),
(1687, 35, 140),
(1688, 35, 141),
(1689, 35, 142),
(1690, 35, 143),
(1691, 35, 144),
(1692, 35, 145),
(1693, 35, 146),
(1694, 35, 147),
(1695, 35, 148),
(1696, 35, 149),
(1697, 35, 150),
(1698, 35, 151),
(1699, 35, 20),
(1700, 35, 21),
(1701, 35, 22),
(1702, 35, 23),
(1703, 35, 24),
(1704, 35, 25),
(1705, 35, 26),
(1706, 35, 27),
(1707, 35, 28),
(1708, 35, 29),
(1709, 35, 30),
(1710, 35, 31),
(1711, 35, 32),
(1712, 35, 33),
(1713, 35, 34),
(1714, 35, 35),
(1715, 35, 36),
(1716, 35, 37),
(1717, 35, 38),
(1718, 35, 39),
(1719, 35, 40),
(1720, 35, 41),
(1721, 35, 42),
(1722, 35, 43),
(1723, 35, 44),
(1724, 35, 45),
(1725, 35, 46),
(1726, 35, 47),
(1727, 35, 48),
(1728, 35, 49),
(1729, 35, 50),
(1730, 35, 51),
(1731, 35, 52),
(1732, 35, 53),
(1733, 35, 55),
(1734, 35, 56),
(1735, 35, 57),
(1736, 35, 58),
(1737, 35, 59),
(1738, 35, 60),
(1739, 35, 61),
(1740, 35, 62),
(1741, 35, 63),
(1742, 35, 64),
(1743, 35, 65),
(1744, 35, 66),
(1745, 35, 67),
(1746, 35, 68),
(1747, 35, 69),
(1748, 35, 70),
(1749, 35, 71),
(1750, 35, 72),
(1751, 35, 73),
(1752, 35, 74),
(1753, 35, 75),
(1754, 35, 76),
(1755, 35, 77),
(1756, 35, 78),
(1757, 35, 79),
(1758, 35, 80),
(1759, 35, 81),
(1760, 35, 82),
(1761, 35, 83),
(1762, 35, 84),
(1763, 35, 85),
(1764, 35, 86),
(1765, 35, 87),
(1766, 35, 88),
(1767, 35, 89),
(1768, 35, 90),
(1769, 35, 91),
(1770, 35, 92),
(1771, 35, 93),
(1772, 35, 94),
(1773, 35, 95),
(1774, 35, 96),
(1775, 35, 97),
(1776, 35, 98),
(1777, 35, 99),
(1778, 35, 100),
(1779, 35, 101),
(1780, 35, 102),
(1781, 35, 103),
(1782, 35, 104),
(1783, 35, 105),
(1784, 35, 106),
(1785, 35, 107),
(1786, 35, 108),
(1787, 35, 109),
(1788, 35, 110),
(1789, 35, 111),
(1790, 35, 112),
(1791, 35, 113),
(1792, 35, 114),
(1793, 35, 115),
(1794, 35, 116),
(1795, 35, 117),
(1796, 35, 118),
(1797, 35, 119),
(1798, 35, 120),
(1799, 35, 121),
(1800, 35, 122),
(1801, 35, 138),
(1802, 35, 139),
(1803, 35, 140),
(1804, 35, 141),
(1805, 35, 142),
(1806, 35, 143),
(1807, 35, 144),
(1808, 35, 145),
(1809, 35, 146),
(1810, 35, 147),
(1811, 35, 148),
(1812, 35, 149),
(1813, 35, 150),
(1814, 35, 151),
(1815, 35, 20),
(1816, 35, 21),
(1817, 35, 22),
(1818, 35, 23),
(1819, 35, 24),
(1820, 35, 25),
(1821, 35, 26),
(1822, 35, 27),
(1823, 35, 28),
(1824, 35, 29),
(1825, 35, 30),
(1826, 35, 31),
(1827, 35, 32),
(1828, 35, 33),
(1829, 35, 34),
(1830, 35, 35),
(1831, 35, 36),
(1832, 35, 37),
(1833, 35, 38),
(1834, 35, 39),
(1835, 35, 40),
(1836, 35, 41),
(1837, 35, 42),
(1838, 35, 43),
(1839, 35, 44),
(1840, 35, 45),
(1841, 35, 46),
(1842, 35, 47),
(1843, 35, 48),
(1844, 35, 49),
(1845, 35, 50),
(1846, 35, 51),
(1847, 35, 52),
(1848, 35, 53),
(1849, 35, 55),
(1850, 35, 56),
(1851, 35, 57),
(1852, 35, 58),
(1853, 35, 59),
(1854, 35, 60),
(1855, 35, 61),
(1856, 35, 62),
(1857, 35, 63),
(1858, 35, 64),
(1859, 35, 65),
(1860, 35, 66),
(1861, 35, 67),
(1862, 35, 68),
(1863, 35, 69),
(1864, 35, 70),
(1865, 35, 71),
(1866, 35, 72),
(1867, 35, 73),
(1868, 35, 74),
(1869, 35, 75),
(1870, 35, 76),
(1871, 35, 77),
(1872, 35, 78),
(1873, 35, 79),
(1874, 35, 80),
(1875, 35, 81),
(1876, 35, 82),
(1877, 35, 83),
(1878, 35, 84),
(1879, 35, 85),
(1880, 35, 86),
(1881, 35, 87),
(1882, 35, 88),
(1883, 35, 89),
(1884, 35, 90),
(1885, 35, 91),
(1886, 35, 92),
(1887, 35, 93),
(1888, 35, 94),
(1889, 35, 95),
(1890, 35, 96),
(1891, 35, 97),
(1892, 35, 98),
(1893, 35, 99),
(1894, 35, 100),
(1895, 35, 101),
(1896, 35, 102),
(1897, 35, 103),
(1898, 35, 104),
(1899, 35, 105),
(1900, 35, 106),
(1901, 35, 107),
(1902, 35, 108),
(1903, 35, 109),
(1904, 35, 110),
(1905, 35, 111),
(1906, 35, 112),
(1907, 35, 113),
(1908, 35, 114),
(1909, 35, 115),
(1910, 35, 116),
(1911, 35, 117),
(1912, 35, 118),
(1913, 35, 119),
(1914, 35, 120),
(1915, 35, 121),
(1916, 35, 122),
(1917, 35, 138),
(1918, 35, 139),
(1919, 35, 140),
(1920, 35, 141),
(1921, 35, 142),
(1922, 35, 143),
(1923, 35, 144),
(1924, 35, 145),
(1925, 35, 146),
(1926, 35, 147),
(1927, 35, 148),
(1928, 35, 149),
(1929, 35, 150),
(1930, 35, 151),
(1931, 35, 20),
(1932, 35, 21),
(1933, 35, 22),
(1934, 35, 23),
(1935, 35, 24),
(1936, 35, 25),
(1937, 35, 26),
(1938, 35, 27),
(1939, 35, 28),
(1940, 35, 29),
(1941, 35, 30),
(1942, 35, 31),
(1943, 35, 32),
(1944, 35, 33),
(1945, 35, 34),
(1946, 35, 35),
(1947, 35, 36),
(1948, 35, 37),
(1949, 35, 38),
(1950, 35, 39),
(1951, 35, 40),
(1952, 35, 41),
(1953, 35, 42),
(1954, 35, 43),
(1955, 35, 44),
(1956, 35, 45),
(1957, 35, 46),
(1958, 35, 47),
(1959, 35, 48),
(1960, 35, 49),
(1961, 35, 50),
(1962, 35, 51),
(1963, 35, 52),
(1964, 35, 53),
(1965, 35, 55),
(1966, 35, 56),
(1967, 35, 57),
(1968, 35, 58),
(1969, 35, 59),
(1970, 35, 60),
(1971, 35, 61),
(1972, 35, 62),
(1973, 35, 63),
(1974, 35, 64),
(1975, 35, 65),
(1976, 35, 66),
(1977, 35, 67),
(1978, 35, 68),
(1979, 35, 69),
(1980, 35, 70),
(1981, 35, 71),
(1982, 35, 72),
(1983, 35, 73),
(1984, 35, 74),
(1985, 35, 75),
(1986, 35, 76),
(1987, 35, 77),
(1988, 35, 78),
(1989, 35, 79),
(1990, 35, 80),
(1991, 35, 81),
(1992, 35, 82),
(1993, 35, 83),
(1994, 35, 84),
(1995, 35, 85),
(1996, 35, 86),
(1997, 35, 87),
(1998, 35, 88),
(1999, 35, 89),
(2000, 35, 90),
(2001, 35, 91),
(2002, 35, 92),
(2003, 35, 93),
(2004, 35, 94),
(2005, 35, 95),
(2006, 35, 96),
(2007, 35, 97),
(2008, 35, 98),
(2009, 35, 99),
(2010, 35, 100),
(2011, 35, 101),
(2012, 35, 102),
(2013, 35, 103),
(2014, 35, 104),
(2015, 35, 105),
(2016, 35, 106),
(2017, 35, 107),
(2018, 35, 108),
(2019, 35, 109),
(2020, 35, 110),
(2021, 35, 111),
(2022, 35, 112),
(2023, 35, 113),
(2024, 35, 114),
(2025, 35, 115),
(2026, 35, 116),
(2027, 35, 117),
(2028, 35, 118),
(2029, 35, 119),
(2030, 35, 120),
(2031, 35, 121),
(2032, 35, 122),
(2033, 35, 138),
(2034, 35, 139),
(2035, 35, 140),
(2036, 35, 141),
(2037, 35, 142),
(2038, 35, 143),
(2039, 35, 144),
(2040, 35, 145),
(2041, 35, 146),
(2042, 35, 147),
(2043, 35, 148),
(2044, 35, 149),
(2045, 35, 150),
(2046, 35, 151);

-- --------------------------------------------------------

--
-- Table structure for table `chores`
--

CREATE TABLE `chores` (
  `choreID` int(11) NOT NULL,
  `choreName` varchar(100) NOT NULL,
  `choreFrequency` set('Daily','Weekly','Monthly','Annually','Seasonally') NOT NULL,
  `choreAssignment` varchar(20) NOT NULL,
  `choreMinAge` int(11) NOT NULL,
  `choreRoom` set('Bedroom','Kitchen','Dining Room','Breakfast Nook','Living Room','Bathroom','Sitting Room','Game Room','Storage','Garage','Other','Outside','Personal','Dog','Cat','Rabbit','Fish','Family','Chicken') NOT NULL,
  `choreType` set('Personal','Family','Dog','Cat','Rabbit','Fish') NOT NULL,
  `choreRewardPoints` int(11) NOT NULL,
  `RoomID` int(11) NOT NULL,
  `dateCompleted` date NOT NULL
) ENGINE=InnoDB DEFAULT CHARSET=latin1;

--
-- Dumping data for table `chores`
--

INSERT INTO `chores` (`choreID`, `choreName`, `choreFrequency`, `choreAssignment`, `choreMinAge`, `choreRoom`, `choreType`, `choreRewardPoints`, `RoomID`, `dateCompleted`) VALUES
(1, 'Feed and Water', 'Daily', '', 2, 'Dog', 'Dog', 10, 0, '0000-00-00'),
(2, 'Pooper Scooper Yard', 'Weekly', '', 8, 'Dog', 'Dog', 20, 0, '0000-00-00'),
(3, 'Bath', 'Monthly', '', 19, 'Dog', 'Dog', 0, 0, '0000-00-00'),
(4, 'Trim Nails', 'Monthly', '', 14, 'Dog', 'Dog', 10, 0, '0000-00-00'),
(5, 'Shots', 'Annually', '', 19, 'Dog', 'Dog', 15, 0, '0000-00-00'),
(6, 'Feed and Water', 'Daily', '', 2, 'Cat', 'Cat', 5, 0, '0000-00-00'),
(7, 'Bath', 'Monthly', '', 12, 'Cat', 'Cat', 15, 0, '0000-00-00'),
(8, 'Trim Nails', 'Monthly', '', 14, 'Cat', 'Cat', 10, 0, '0000-00-00'),
(9, 'Clean Litter Box', 'Weekly', '', 12, 'Cat', 'Cat', 15, 0, '0000-00-00'),
(10, 'Shots', 'Annually', '', 19, 'Cat', 'Cat', 20, 0, '0000-00-00'),
(11, 'Feed', 'Daily', '', 2, 'Fish', 'Fish', 5, 0, '0000-00-00'),
(12, 'Clean Tank', 'Monthly', '', 8, 'Fish', 'Fish', 20, 0, '0000-00-00'),
(13, 'Top Off Water', 'Weekly', '', 7, 'Fish', 'Fish', 5, 0, '0000-00-00'),
(14, 'Clean Glass', 'Weekly', '', 5, 'Fish', 'Fish', 10, 0, '0000-00-00'),
(15, 'Feed and Water', 'Daily', '', 3, 'Rabbit', 'Rabbit', 5, 0, '0000-00-00'),
(16, 'Clean Litter Box', 'Weekly', '', 12, 'Rabbit', 'Rabbit', 15, 0, '0000-00-00'),
(17, 'Trim Nails', 'Monthly', '', 14, 'Rabbit', 'Rabbit', 20, 0, '0000-00-00'),
(18, 'Making Bed', 'Daily', '', 5, 'Personal', 'Personal', 0, 0, '0000-00-00'),
(19, 'Pick up Playthings', 'Daily', '', 3, 'Personal', 'Personal', 0, 0, '0000-00-00'),
(20, 'Put Dirty Laundry in Laundry Basket', 'Daily', '', 3, 'Bedroom', 'Family', 2, 0, '0000-00-00'),
(21, 'Dust', 'Weekly', '', 3, 'Living Room', 'Family', 5, 0, '0000-00-00'),
(22, 'Wash Dishes', 'Daily', '', 8, 'Kitchen', 'Family', 15, 0, '0000-00-00'),
(23, 'Clean Kitchen Counter Tops and Stove Top', 'Daily', '', 10, 'Kitchen', 'Family', 5, 0, '0000-00-00'),
(24, 'Take out trash', 'Weekly', '', 8, 'Kitchen', 'Family', 7, 0, '0000-00-00'),
(25, 'Wipe Bathroom Sinks and Counters', 'Daily', '', 7, 'Bathroom', 'Family', 5, 0, '0000-00-00'),
(26, 'Clean furniture', 'Monthly', '', 10, 'Living Room', 'Family', 15, 0, '0000-00-00'),
(27, 'Clean Furniture', 'Monthly', '', 10, 'Bedroom', 'Family', 10, 0, '0000-00-00'),
(28, 'Clean Furniture', 'Monthly', '', 8, 'Dining Room', 'Family', 10, 0, '0000-00-00'),
(29, 'Wash Mattress Covers, Pillow Covers, Duvets', 'Monthly', '', 13, 'Bedroom', 'Family', 10, 0, '0000-00-00'),
(30, 'Clean Oven', 'Monthly', '', 15, 'Kitchen', 'Family', 15, 0, '0000-00-00'),
(31, 'Baseboards, Molding, & Doors', 'Monthly', '', 5, 'Bedroom', 'Family', 5, 0, '0000-00-00'),
(32, 'Baseboards, Molding, & Doors', 'Monthly', '', 5, 'Kitchen', 'Family', 5, 0, '0000-00-00'),
(33, 'Baseboards, Molding, & Doors', 'Monthly', '', 5, 'Dining Room', 'Family', 5, 0, '0000-00-00'),
(34, 'Baseboards, Molding, & Doors', 'Monthly', '', 5, 'Breakfast Nook', 'Family', 5, 0, '0000-00-00'),
(35, 'Baseboards, Molding, & Doors', 'Monthly', '', 5, 'Living Room', 'Family', 5, 0, '0000-00-00'),
(36, 'Baseboards, Molding, & Doors', 'Monthly', '', 5, 'Bathroom', 'Family', 5, 0, '0000-00-00'),
(37, 'Baseboards, Molding, & Doors', 'Monthly', '', 5, 'Sitting Room', 'Family', 5, 0, '0000-00-00'),
(38, 'Baseboards, Molding, & Doors', 'Monthly', '', 5, 'Game Room', 'Family', 5, 0, '0000-00-00'),
(39, 'Baseboards, Molding, & Doors', 'Monthly', '', 5, 'Storage', 'Family', 5, 0, '0000-00-00'),
(40, 'Wash ceiling light fixtures, wipe fan blades', 'Monthly', '', 16, 'Bedroom', 'Family', 8, 0, '0000-00-00'),
(41, 'Wash ceiling light fixtures, wipe fan blades', 'Monthly', '', 16, 'Kitchen', 'Family', 8, 0, '0000-00-00'),
(42, 'Wash ceiling light fixtures, wipe fan blades', 'Monthly', '', 16, 'Dining Room', 'Family', 8, 0, '0000-00-00'),
(43, 'Wash ceiling light fixtures, wipe fan blades', 'Monthly', '', 16, 'Breakfast Nook', 'Family', 8, 0, '0000-00-00'),
(44, 'Wash ceiling light fixtures, wipe fan blades', 'Monthly', '', 16, 'Living Room', 'Family', 8, 0, '0000-00-00'),
(45, 'Wash ceiling light fixtures, wipe fan blades', 'Monthly', '', 16, 'Bathroom', 'Family', 8, 0, '0000-00-00'),
(46, 'Wash ceiling light fixtures, wipe fan blades', 'Monthly', '', 16, 'Sitting Room', 'Family', 8, 0, '0000-00-00'),
(47, 'Wash ceiling light fixtures, wipe fan blades', 'Monthly', '', 16, 'Game Room', 'Family', 8, 0, '0000-00-00'),
(48, 'Clean Dishwasher', 'Monthly', '', 6, 'Kitchen', 'Family', 6, 0, '0000-00-00'),
(49, 'Dust, vacuum, or wash window coverings', 'Monthly', '', 13, 'Bedroom', 'Family', 8, 0, '0000-00-00'),
(50, 'Dust, vacuum, or wash window coverings', 'Monthly', '', 13, 'Kitchen', 'Family', 8, 0, '0000-00-00'),
(51, 'Dust, vacuum, or wash window coverings', 'Monthly', '', 13, 'Dining Room', 'Family', 8, 0, '0000-00-00'),
(52, 'Dust, vacuum, or wash window coverings', 'Monthly', '', 13, 'Breakfast Nook', 'Family', 8, 0, '0000-00-00'),
(53, 'Dust, vacuum, or wash window coverings', 'Monthly', '', 13, 'Living Room', 'Family', 8, 0, '0000-00-00'),
(55, 'Dust, vacuum, or wash window coverings', 'Monthly', '', 13, 'Bathroom', 'Family', 8, 0, '0000-00-00'),
(56, 'Dust, vacuum, or wash window coverings', 'Monthly', '', 13, 'Sitting Room', 'Family', 8, 0, '0000-00-00'),
(57, 'Dust, vacuum, or wash window coverings', 'Monthly', '', 13, 'Game Room', 'Family', 8, 0, '0000-00-00'),
(58, 'Wipe light switches & door handles', 'Monthly', '', 2, 'Bedroom', 'Family', 3, 0, '0000-00-00'),
(59, 'Wipe light switches & door handles', 'Monthly', '', 2, 'Kitchen', 'Family', 3, 0, '0000-00-00'),
(60, 'Wipe light switches & door handles', 'Monthly', '', 2, 'Dining Room', 'Family', 3, 0, '0000-00-00'),
(61, 'Wipe light switches & door handles', 'Monthly', '', 2, 'Breakfast Nook', 'Family', 3, 0, '0000-00-00'),
(62, 'Wipe light switches & door handles', 'Monthly', '', 2, 'Living Room', 'Family', 3, 0, '0000-00-00'),
(63, 'Wipe light switches & door handles', 'Monthly', '', 2, 'Bathroom', 'Family', 3, 0, '0000-00-00'),
(64, 'Wipe light switches & door handles', 'Monthly', '', 2, 'Sitting Room', 'Family', 3, 0, '0000-00-00'),
(65, 'Wipe light switches & door handles', 'Monthly', '', 2, 'Game Room', 'Family', 3, 0, '0000-00-00'),
(66, 'Wipe light switches & door handles', 'Monthly', '', 2, 'Garage', 'Family', 3, 0, '0000-00-00'),
(67, 'Wash clothes, bed sheets and towels', 'Weekly', '', 8, 'Bedroom', 'Family', 10, 0, '0000-00-00'),
(68, 'Wash towels', 'Weekly', '', 8, 'Bathroom', 'Family', 6, 0, '0000-00-00'),
(69, 'Wash towels', 'Weekly', '', 8, 'Kitchen', 'Family', 6, 0, '0000-00-00'),
(70, 'Vacuum floors. Sweep and mop hard surface floors', 'Weekly', '', 8, 'Bedroom', 'Family', 7, 0, '0000-00-00'),
(71, 'Vacuum floors. Sweep and mop hard surface floors', 'Weekly', '', 8, 'Kitchen', 'Family', 7, 0, '0000-00-00'),
(72, 'Vacuum floors. Sweep and mop hard surface floors', 'Weekly', '', 8, 'Dining Room', 'Family', 7, 0, '0000-00-00'),
(73, 'Vacuum floors. Sweep and mop hard surface floors', 'Weekly', '', 8, 'Breakfast Nook', 'Family', 7, 0, '0000-00-00'),
(74, 'Vacuum floors. Sweep and mop hard surface floors', 'Weekly', '', 8, 'Living Room', 'Family', 7, 0, '0000-00-00'),
(75, 'Vacuum floors. Sweep and mop hard surface floors', 'Weekly', '', 8, 'Bathroom', 'Family', 7, 0, '0000-00-00'),
(76, 'Vacuum floors. Sweep and mop hard surface floors', 'Weekly', '', 8, 'Sitting Room', 'Family', 7, 0, '0000-00-00'),
(77, 'Vacuum floors. Sweep and mop hard surface floors', 'Weekly', '', 8, 'Game Room', 'Family', 7, 0, '0000-00-00'),
(78, 'Dust', 'Weekly', '', 2, 'Bedroom', 'Family', 4, 0, '0000-00-00'),
(79, 'Dust', 'Weekly', '', 2, 'Kitchen', 'Family', 4, 0, '0000-00-00'),
(80, 'Dust', 'Weekly', '', 2, 'Dining Room', 'Family', 4, 0, '0000-00-00'),
(81, 'Dust', 'Weekly', '', 2, 'Breakfast Nook', 'Family', 4, 0, '0000-00-00'),
(82, 'Dust', 'Weekly', '', 2, 'Living Room', 'Family', 4, 0, '0000-00-00'),
(83, 'Dust', 'Weekly', '', 2, 'Bathroom', 'Family', 4, 0, '0000-00-00'),
(84, 'Dust', 'Weekly', '', 2, 'Sitting Room', 'Family', 4, 0, '0000-00-00'),
(85, 'Dust', 'Weekly', '', 2, 'Game Room', 'Family', 4, 0, '0000-00-00'),
(86, 'Clean Bathroom: Toilet, Sink, Mirror/Medicine Cabinet, Tub, Straighten linen closet.', 'Weekly', '', 8, 'Bathroom', 'Family', 15, 0, '0000-00-00'),
(87, 'Clean Freezer and Refrigerator. ', 'Weekly', '', 16, 'Kitchen', 'Family', 10, 0, '0000-00-00'),
(88, 'Wipe Kitchen Cabinets and Appliances', 'Weekly', '', 8, 'Kitchen', 'Family', 7, 0, '0000-00-00'),
(89, 'Clean out Closet and Dresser', 'Annually', '', 8, 'Bedroom', 'Family', 15, 0, '0000-00-00'),
(90, 'Windows: Clean inside and Outside, Vacuum Screens', 'Annually', '', 19, 'Bedroom', 'Family', 8, 0, '0000-00-00'),
(91, 'Windows: Clean inside and Outside, Vacuum Screens', 'Annually', '', 19, 'Kitchen', 'Family', 8, 0, '0000-00-00'),
(92, 'Windows: Clean inside and Outside, Vacuum Screens', 'Annually', '', 19, 'Dining Room', 'Family', 8, 0, '0000-00-00'),
(93, 'Windows: Clean inside and Outside, Vacuum Screens', 'Annually', '', 19, 'Breakfast Nook', 'Family', 8, 0, '0000-00-00'),
(94, 'Windows: Clean inside and Outside, Vacuum Screens', 'Annually', '', 19, 'Living Room', 'Family', 8, 0, '0000-00-00'),
(95, 'Windows: Clean inside and Outside, Vacuum Screens', 'Annually', '', 19, 'Bathroom', 'Family', 8, 0, '0000-00-00'),
(96, 'Windows: Clean inside and Outside, Vacuum Screens', 'Annually', '', 19, 'Sitting Room', 'Family', 8, 0, '0000-00-00'),
(97, 'Windows: Clean inside and Outside, Vacuum Screens', 'Annually', '', 19, 'Game Room', 'Family', 8, 0, '0000-00-00'),
(98, 'Deep Clean Refrigerator, Freezer, and Pantry', 'Annually', '', 19, 'Kitchen', 'Family', 15, 0, '0000-00-00'),
(99, 'Clean Rugs with Carpet Cleaner', 'Annually', '', 19, 'Bedroom', 'Family', 8, 0, '0000-00-00'),
(100, 'Clean Rugs with Carpet Cleaner', 'Annually', '', 19, 'Dining Room', 'Family', 8, 0, '0000-00-00'),
(101, 'Clean Rugs with Carpet Cleaner', 'Annually', '', 19, 'Breakfast Nook', 'Family', 8, 0, '0000-00-00'),
(102, 'Clean Rugs with Carpet Cleaner', 'Annually', '', 19, 'Living Room', 'Family', 8, 0, '0000-00-00'),
(103, 'Clean Rugs with Carpet Cleaner', 'Annually', '', 19, 'Sitting Room', 'Family', 8, 0, '0000-00-00'),
(104, 'Clean Rugs with Carpet Cleaner', 'Annually', '', 19, 'Game Room', 'Family', 8, 0, '0000-00-00'),
(105, 'Clean under furniture', 'Seasonally', '', 16, 'Bedroom', 'Family', 8, 0, '0000-00-00'),
(106, 'Clean under furniture', 'Seasonally', '', 16, 'Kitchen', 'Family', 5, 0, '0000-00-00'),
(107, 'Clean under furniture', 'Seasonally', '', 16, 'Dining Room', 'Family', 8, 0, '0000-00-00'),
(108, 'Clean under furniture', 'Seasonally', '', 16, 'Breakfast Nook', 'Family', 8, 0, '0000-00-00'),
(109, 'Clean under furniture', 'Seasonally', '', 16, 'Living Room', 'Family', 8, 0, '0000-00-00'),
(110, 'Clean under furniture', 'Seasonally', '', 16, 'Sitting Room', 'Family', 8, 0, '0000-00-00'),
(111, 'Clean under furniture', 'Seasonally', '', 16, 'Game Room', 'Family', 8, 0, '0000-00-00'),
(112, 'Vacuum and Clean out Vents', 'Seasonally', '', 16, 'Bedroom', 'Family', 6, 0, '0000-00-00'),
(113, 'Vacuum and Clean out Vents', 'Seasonally', '', 16, 'Kitchen', 'Family', 6, 0, '0000-00-00'),
(114, 'Vacuum and Clean out Vents', 'Seasonally', '', 16, 'Dining Room', 'Family', 6, 0, '0000-00-00'),
(115, 'Vacuum and Clean out Vents', 'Seasonally', '', 16, 'Breakfast Nook', 'Family', 6, 0, '0000-00-00'),
(116, 'Vacuum and Clean out Vents', 'Seasonally', '', 16, 'Living Room', 'Family', 6, 0, '0000-00-00'),
(117, 'Vacuum and Clean out Vents', 'Seasonally', '', 16, 'Bathroom', 'Family', 6, 0, '0000-00-00'),
(118, 'Vacuum and Clean out Vents', 'Seasonally', '', 16, 'Sitting Room', 'Family', 6, 0, '0000-00-00'),
(119, 'Vacuum and Clean out Vents', 'Seasonally', '', 16, 'Game Room', 'Family', 6, 0, '0000-00-00'),
(120, 'Garage Cleanout', 'Annually', '', 19, 'Garage', 'Family', 25, 0, '0000-00-00'),
(121, 'Storage Cleanout', 'Annually', '', 19, 'Storage', 'Family', 25, 0, '0000-00-00'),
(122, 'Wash All Pillows', 'Annually', '', 11, 'Family', 'Family', 15, 0, '0000-00-00'),
(124, 'Get Dressed', 'Daily', '', 4, 'Personal', 'Personal', 0, 0, '0000-00-00'),
(126, 'Brush Teeth', 'Daily', '', 4, 'Personal', 'Personal', 0, 0, '0000-00-00'),
(127, 'Brush Hair', 'Daily', '', 4, 'Personal', 'Personal', 0, 0, '0000-00-00'),
(128, 'Choose Day\'s Outfit and Get Dressed.', 'Daily', '', 4, 'Personal', 'Personal', 0, 0, '0000-00-00'),
(129, 'Tidy-up Bedroom', 'Daily', '', 6, 'Personal', 'Personal', 0, 0, '0000-00-00'),
(130, 'Complete Homework and Reading Assignments', 'Daily', '', 8, 'Personal', 'Personal', 0, 0, '0000-00-00'),
(131, 'Change Bed Sheets', 'Weekly', '', 9, 'Personal', 'Personal', 0, 0, '0000-00-00'),
(132, 'Personal Items Deep Cleaning ', 'Annually', '', 9, 'Personal', 'Personal', 0, 0, '0000-00-00'),
(138, 'Help with Groceries', 'Weekly', '', 4, 'Kitchen', 'Family', 5, 0, '0000-00-00'),
(139, 'Set table, clear table', 'Daily', '', 5, 'Kitchen', 'Family', 6, 0, '0000-00-00'),
(140, 'Laundry', 'Weekly', '', 5, 'Family', 'Family', 8, 0, '0000-00-00'),
(141, 'Load Dishwasher', 'Daily', '', 8, 'Kitchen', 'Family', 8, 0, '0000-00-00'),
(142, 'Empty Dishwasher', 'Daily', '', 5, 'Kitchen', 'Family', 6, 0, '0000-00-00'),
(143, 'Wash Car', 'Weekly', '', 8, 'Outside', 'Family', 15, 0, '0000-00-00'),
(144, 'Rake Leaves', 'Seasonally', '', 8, 'Outside', 'Family', 10, 0, '0000-00-00'),
(145, 'Test All Smoke Alarms', 'Monthly', '', 8, 'Family', 'Family', 6, 0, '0000-00-00'),
(146, 'Mow Yard', 'Weekly', '', 14, 'Outside', 'Family', 15, 0, '0000-00-00'),
(147, 'Weed Flowerbeds', 'Weekly', '', 8, 'Outside', 'Family', 10, 0, '0000-00-00'),
(148, 'Plan Garden', 'Annually', '', 19, 'Outside', 'Family', 25, 0, '0000-00-00'),
(149, 'Plant Garden', 'Seasonally', '', 10, 'Outside', 'Family', 15, 0, '0000-00-00'),
(150, 'Get Christmas Decor down and decorate', 'Seasonally', '', 19, 'Family', 'Family', 30, 0, '0000-00-00'),
(151, 'Get Holiday Decorations Down', 'Seasonally', '', 19, 'Family', 'Family', 30, 0, '0000-00-00');

-- --------------------------------------------------------

--
-- Table structure for table `house`
--

CREATE TABLE `house` (
  `houseID` int(11) NOT NULL,
  `houseName` varchar(40) NOT NULL,
  `houseEmail` varchar(50) NOT NULL,
  `housePassword` varchar(70) NOT NULL
) ENGINE=InnoDB DEFAULT CHARSET=latin1;

--
-- Dumping data for table `house`
--

INSERT INTO `house` (`houseID`, `houseName`, `houseEmail`, `housePassword`) VALUES
(35, 'Hausner House', 'hh@gmail.com', '5e36941b3d856737e81516acd45edc50');

-- --------------------------------------------------------

--
-- Stand-in structure for view `houseChore2`
-- (See below for the actual view)
--
CREATE TABLE `houseChore2` (
`houseName` varchar(40)
,`roomName` varchar(100)
,`choreType` set('Personal','Family','Dog','Cat','Rabbit','Fish')
,`choreName` varchar(100)
,`choreFrequency` set('Daily','Weekly','Monthly','Annually','Seasonally')
,`choreRewardPoints` int(11)
,`choreCompleted` date
);

-- --------------------------------------------------------

--
-- Table structure for table `houseChoresREAL`
--

CREATE TABLE `houseChoresREAL` (
  `houseName` varchar(100) COLLATE utf8mb4_unicode_ci NOT NULL,
  `roomName` varchar(100) COLLATE utf8mb4_unicode_ci NOT NULL,
  `choreName` varchar(100) COLLATE utf8mb4_unicode_ci NOT NULL,
  `choreType` enum('Personal','Family','Dog','Cat','Rabbit','Fish','','','','','','') COLLATE utf8mb4_unicode_ci NOT NULL,
  `choreFrequency` enum('Daily','Weekly','Monthly','Annually','Seasonally') COLLATE utf8mb4_unicode_ci NOT NULL,
  `choreRewardPoints` int(11) NOT NULL,
  `choreCompletedDate` date NOT NULL
) ENGINE=InnoDB DEFAULT CHARSET=utf8mb4 COLLATE=utf8mb4_unicode_ci;

-- --------------------------------------------------------

--
-- Stand-in structure for view `houseMembers`
-- (See below for the actual view)
--
CREATE TABLE `houseMembers` (
`houseName` varchar(50)
,`firstName` varchar(20)
,`lastName` varchar(20)
,`memberType` enum('Crown1','Crown2','Child','Other')
,`birthdate` date
,`age` bigint(21)
);

-- --------------------------------------------------------

--
-- Stand-in structure for view `houseRooms`
-- (See below for the actual view)
--
CREATE TABLE `houseRooms` (
`houseName` varchar(40)
,`roomName` varchar(100)
,`roomType` set('Bedroom','Kitchen','Dining Room','Breakfast Nook','Living Room','Bathroom','Sitting Room','Game Room','Storage','Garage','Other','Outside','Personal','Family','Dog','Cat','Fish','Rabbit','Chicken')
);

-- --------------------------------------------------------

--
-- Table structure for table `memberhouseassignment`
--

CREATE TABLE `memberhouseassignment` (
  `houseID` int(11) NOT NULL,
  `memberID` int(11) NOT NULL
) ENGINE=InnoDB DEFAULT CHARSET=latin1;

--
-- Dumping data for table `memberhouseassignment`
--

INSERT INTO `memberhouseassignment` (`houseID`, `memberID`) VALUES
(35, 53),
(35, 54),
(35, 55),
(35, 56);

-- --------------------------------------------------------

--
-- Table structure for table `members`
--

CREATE TABLE `members` (
  `memberID` int(11) NOT NULL,
  `memberHouseName` varchar(50) NOT NULL,
  `memberFirstName` varchar(20) NOT NULL,
  `memberLastName` varchar(20) NOT NULL,
  `memberType` enum('Crown1','Crown2','Child','Other') NOT NULL,
  `memberBirthdate` date NOT NULL
) ENGINE=InnoDB DEFAULT CHARSET=latin1;

--
-- Dumping data for table `members`
--

INSERT INTO `members` (`memberID`, `memberHouseName`, `memberFirstName`, `memberLastName`, `memberType`, `memberBirthdate`) VALUES
(53, 'Hausner House', 'Ryan', 'Hausner', 'Crown1', '1977-02-14'),
(54, 'Hausner House', 'Lisa', 'Hausner', 'Crown2', '1981-05-24'),
(55, 'Hausner House', 'Kaleb', 'Hausner', 'Child', '2007-11-25'),
(56, 'Hausner House', 'Kaitlyn', 'Hausner', 'Child', '2011-07-20');

-- --------------------------------------------------------

--
-- Table structure for table `monthlypersonalchores`
--

CREATE TABLE `monthlypersonalchores` (
  `choreID` int(11) DEFAULT NULL,
  `memberID` int(11) DEFAULT NULL,
  `memberFirstName` varchar(20) COLLATE utf8mb4_unicode_ci DEFAULT NULL,
  `choreName` varchar(100) COLLATE utf8mb4_unicode_ci DEFAULT NULL,
  `choreFrequency` set('Daily','Weekly','Monthly','Annually','Seasonally') COLLATE utf8mb4_unicode_ci DEFAULT NULL,
  `choreRewardPoints` int(11) DEFAULT NULL,
  `houseName` varchar(40) COLLATE utf8mb4_unicode_ci DEFAULT NULL,
  `houseID` int(11) DEFAULT NULL,
  `dateCompleted` date DEFAULT NULL,
  `roomName` varchar(20) COLLATE utf8mb4_unicode_ci DEFAULT NULL
) ENGINE=InnoDB DEFAULT CHARSET=utf8mb4 COLLATE=utf8mb4_unicode_ci;

-- --------------------------------------------------------

--
-- Stand-in structure for view `personalMemberChores`
-- (See below for the actual view)
--
CREATE TABLE `personalMemberChores` (
`choreID` int(11)
,`memberID` int(11)
,`memberFirstName` varchar(20)
,`memberLastName` varchar(20)
,`memberBirthdate` date
,`memberHouseName` varchar(50)
,`choreName` varchar(100)
,`choreType` set('Personal','Family','Dog','Cat','Rabbit','Fish')
,`choreFrequency` set('Daily','Weekly','Monthly','Annually','Seasonally')
,`choreRewardPoints` int(11)
);

-- --------------------------------------------------------

--
-- Table structure for table `room`
--

CREATE TABLE `room` (
  `roomID` int(11) NOT NULL,
  `roomHouseName` varchar(100) NOT NULL,
  `roomName` varchar(100) NOT NULL,
  `roomType` set('Bedroom','Kitchen','Dining Room','Breakfast Nook','Living Room','Bathroom','Sitting Room','Game Room','Storage','Garage','Other','Outside','Personal','Family','Dog','Cat','Fish','Rabbit','Chicken') NOT NULL
) ENGINE=InnoDB DEFAULT CHARSET=latin1;

--
-- Dumping data for table `room`
--

INSERT INTO `room` (`roomID`, `roomHouseName`, `roomName`, `roomType`) VALUES
(140, 'Hausner House', 'Ryan 1977-02-14 Personal', 'Personal'),
(141, 'Hausner House', 'Lisa 1981-05-24 Personal', 'Personal'),
(142, 'Hausner House', 'Kaleb 2007-11-25 Personal', 'Personal'),
(143, 'Hausner House', 'Kaitlyn 2011-07-20 Personal', 'Personal'),
(144, 'Hausner House', 'Master Bedroom', 'Bedroom'),
(145, 'Hausner House', 'Kaleb Bedroom', 'Bedroom'),
(146, 'Hausner House', 'Kaitlyn Bedroom', 'Bedroom'),
(147, 'Hausner House', 'Man Cave', 'Game Room'),
(148, 'Hausner House', 'Dining Room', 'Dining Room'),
(149, 'Hausner House', 'Living Room', 'Living Room'),
(150, 'Hausner House', 'Ocean Retreat', 'Bathroom'),
(151, 'Hausner House', 'Horse Corral', 'Bathroom'),
(152, 'Hausner House', 'Spare Oom', 'Bedroom'),
(153, 'Hausner House', 'Momma\'s Zone', 'Kitchen'),
(154, 'Hausner House', 'Hausner House Chores', 'Family'),
(155, 'Hausner House', 'Hausner House Chores', 'Family'),
(156, 'Hausner House', 'Hausner House Chores', 'Family'),
(157, 'Hausner House', 'Hausner House Chores', 'Family'),
(158, 'Hausner House', 'Hausner House Chores', 'Family'),
(159, 'Hausner House', 'Hausner House Chores', 'Family'),
(160, 'Hausner House', 'Hausner House Chores', 'Family'),
(161, 'Hausner House', 'Hausner House Chores', 'Family'),
(162, 'Hausner House', 'Hausner House Chores', 'Family'),
(163, 'Hausner House', 'Hausner House Outside', 'Outside'),
(164, 'Hausner House', 'Hausner House Outside', 'Outside'),
(165, 'Hausner House', 'Hausner House Dog', 'Dog'),
(166, 'Hausner House', 'Hausner House Cat', 'Cat'),
(167, 'Hausner House', 'Hausner House Rabbit', 'Rabbit'),
(168, 'Hausner House', 'Hausner House Fish', 'Fish'),
(169, 'Hausner House', 'Hausner House Chores', 'Family'),
(170, 'Hausner House', 'Hausner House Chores', 'Family'),
(171, 'Hausner House', 'Hausner House Chores', 'Family'),
(172, 'Hausner House', 'Hausner House Chores', 'Family'),
(173, 'Hausner House', 'Hausner House Chores', 'Family'),
(174, 'Hausner House', 'Hausner House Chores', 'Family'),
(175, 'Hausner House', 'Hausner House Chores', 'Family'),
(176, 'Hausner House', 'Hausner House Chores', 'Family'),
(177, 'Hausner House', 'Hausner House Chores', 'Family'),
(178, 'Hausner House', 'Hausner House Chores', 'Family'),
(179, 'Hausner House', 'Hausner House Chores', 'Family'),
(180, 'Hausner House', 'Hausner House Chores', 'Family'),
(181, 'Hausner House', 'Hausner House Chores', 'Family'),
(182, 'Hausner House', 'Hausner House Chores', 'Family'),
(183, 'Hausner House', 'Hausner House Chores', 'Family');

-- --------------------------------------------------------

--
-- Table structure for table `roomchoreAssignment`
--

CREATE TABLE `roomchoreAssignment` (
  `choreID` int(11) NOT NULL,
  `roomID` int(11) NOT NULL
) ENGINE=InnoDB DEFAULT CHARSET=latin1;

--
-- Dumping data for table `roomchoreAssignment`
--

INSERT INTO `roomchoreAssignment` (`choreID`, `roomID`) VALUES
(1, 165),
(2, 165),
(3, 165),
(4, 165),
(5, 165),
(6, 166),
(7, 166),
(8, 166),
(9, 166),
(10, 166),
(11, 168),
(12, 168),
(13, 168),
(14, 168),
(20, 144),
(20, 145),
(20, 146),
(20, 152),
(21, 149),
(22, 153),
(23, 153),
(24, 153),
(25, 150),
(25, 151),
(26, 149),
(27, 144),
(27, 145),
(27, 146),
(27, 152),
(28, 148),
(29, 144),
(29, 145),
(29, 146),
(29, 152),
(30, 153),
(31, 144),
(31, 145),
(31, 146),
(31, 152),
(32, 153),
(33, 148),
(35, 149),
(36, 150),
(36, 151),
(38, 147),
(40, 144),
(40, 145),
(40, 146),
(40, 152),
(41, 153),
(42, 148),
(44, 149),
(45, 150),
(45, 151),
(47, 147),
(48, 153),
(49, 144),
(49, 145),
(49, 146),
(49, 152),
(50, 153),
(51, 148),
(53, 149),
(55, 150),
(55, 151),
(57, 147),
(58, 144),
(58, 145),
(58, 146),
(58, 152),
(59, 153),
(60, 148),
(62, 149),
(63, 150),
(63, 151),
(65, 147),
(67, 144),
(67, 145),
(67, 146),
(67, 152),
(68, 150),
(68, 151),
(69, 153),
(70, 144),
(70, 145),
(70, 146),
(70, 152),
(71, 153),
(72, 148),
(74, 149),
(75, 150),
(75, 151),
(77, 147),
(78, 144),
(78, 145),
(78, 146),
(78, 152),
(79, 153),
(80, 148),
(82, 149),
(83, 150),
(83, 151),
(85, 147),
(86, 150),
(86, 151),
(87, 153),
(88, 153),
(89, 144),
(89, 145),
(89, 146),
(89, 152),
(90, 144),
(90, 145),
(90, 146),
(90, 152),
(91, 153),
(92, 148),
(94, 149),
(95, 150),
(95, 151),
(97, 147),
(98, 153),
(99, 144),
(99, 145),
(99, 146),
(99, 152),
(100, 148),
(102, 149),
(104, 147),
(105, 144),
(105, 145),
(105, 146),
(105, 152),
(106, 153),
(107, 148),
(109, 149),
(111, 147),
(112, 144),
(112, 145),
(112, 146),
(112, 152),
(113, 153),
(114, 148),
(116, 149),
(117, 150),
(117, 151),
(119, 147),
(138, 153),
(139, 153),
(141, 153),
(142, 153),
(143, 163),
(144, 163),
(146, 163),
(147, 163),
(148, 163),
(149, 163);

-- --------------------------------------------------------

--
-- Table structure for table `roomhouseassignment`
--

CREATE TABLE `roomhouseassignment` (
  `houseID` int(11) NOT NULL,
  `roomID` int(11) NOT NULL
) ENGINE=InnoDB DEFAULT CHARSET=latin1;

--
-- Dumping data for table `roomhouseassignment`
--

INSERT INTO `roomhouseassignment` (`houseID`, `roomID`) VALUES
(35, 144),
(35, 145),
(35, 146),
(35, 147),
(35, 148),
(35, 149),
(35, 150),
(35, 151),
(35, 152),
(35, 153),
(35, 154),
(35, 155),
(35, 156),
(35, 157),
(35, 158),
(35, 159),
(35, 160),
(35, 161),
(35, 163),
(35, 165),
(35, 166),
(35, 167),
(35, 168);

-- --------------------------------------------------------

--
-- Structure for view `houseChore2`
--
DROP TABLE IF EXISTS `houseChore2`;

CREATE ALGORITHM=UNDEFINED DEFINER=`helpusth`@`localhost` SQL SECURITY DEFINER VIEW `houseChore2`  AS  select `house`.`houseName` AS `houseName`,`room`.`roomName` AS `roomName`,`chores`.`choreType` AS `choreType`,`chores`.`choreName` AS `choreName`,`chores`.`choreFrequency` AS `choreFrequency`,`chores`.`choreRewardPoints` AS `choreRewardPoints`,`chores`.`dateCompleted` AS `choreCompleted` from ((((`chores` join `chorehouseassignment`) join `house`) join `room`) join `roomchoreAssignment`) where ((`chores`.`choreID` = `chorehouseassignment`.`choreID`) and (`house`.`houseID` = `chorehouseassignment`.`houseID`) and (`roomchoreAssignment`.`roomID` = `room`.`roomID`) and (`roomchoreAssignment`.`roomID` = `room`.`roomID`) and (`roomchoreAssignment`.`choreID` = `chores`.`choreID`) and (`house`.`houseID` = `chorehouseassignment`.`houseID`)) ;

-- --------------------------------------------------------

--
-- Structure for view `houseMembers`
--
DROP TABLE IF EXISTS `houseMembers`;

CREATE ALGORITHM=UNDEFINED DEFINER=`helpusth`@`localhost` SQL SECURITY DEFINER VIEW `houseMembers`  AS  select `members`.`memberHouseName` AS `houseName`,`members`.`memberFirstName` AS `firstName`,`members`.`memberLastName` AS `lastName`,`members`.`memberType` AS `memberType`,`members`.`memberBirthdate` AS `birthdate`,timestampdiff(YEAR,`members`.`memberBirthdate`,curdate()) AS `age` from ((`members` join `memberhouseassignment`) join `house`) where ((`memberhouseassignment`.`houseID` = `house`.`houseID`) and (`memberhouseassignment`.`memberID` = `members`.`memberID`)) ;

-- --------------------------------------------------------

--
-- Structure for view `houseRooms`
--
DROP TABLE IF EXISTS `houseRooms`;

CREATE ALGORITHM=UNDEFINED DEFINER=`helpusth`@`localhost` SQL SECURITY DEFINER VIEW `houseRooms`  AS  select `house`.`houseName` AS `houseName`,`room`.`roomName` AS `roomName`,`room`.`roomType` AS `roomType` from ((`roomhouseassignment` join `room`) join `house`) where ((`roomhouseassignment`.`houseID` = `house`.`houseID`) and (`roomhouseassignment`.`roomID` = `room`.`roomID`)) ;

-- --------------------------------------------------------

--
-- Structure for view `personalMemberChores`
--
DROP TABLE IF EXISTS `personalMemberChores`;

CREATE ALGORITHM=UNDEFINED DEFINER=`helpusth`@`localhost` SQL SECURITY DEFINER VIEW `personalMemberChores`  AS  select `chores`.`choreID` AS `choreID`,`members`.`memberID` AS `memberID`,`members`.`memberFirstName` AS `memberFirstName`,`members`.`memberLastName` AS `memberLastName`,`members`.`memberBirthdate` AS `memberBirthdate`,`members`.`memberHouseName` AS `memberHouseName`,`chores`.`choreName` AS `choreName`,`chores`.`choreType` AS `choreType`,`chores`.`choreFrequency` AS `choreFrequency`,`chores`.`choreRewardPoints` AS `choreRewardPoints` from ((`chores` join `members`) join `choreassignment`) where ((`chores`.`choreID` = `choreassignment`.`choreID`) and (`members`.`memberID` = `choreassignment`.`memberID`) and (`chores`.`choreType` = 'Personal')) ;

--
-- Indexes for dumped tables
--

--
-- Indexes for table `choreassignment`
--
ALTER TABLE `choreassignment`
  ADD PRIMARY KEY (`choreassignmentID`);

--
-- Indexes for table `chorehouseassignment`
--
ALTER TABLE `chorehouseassignment`
  ADD PRIMARY KEY (`chorehouseassignmentID`),
  ADD KEY `houseID` (`houseID`),
  ADD KEY `choreID` (`choreID`);

--
-- Indexes for table `chores`
--
ALTER TABLE `chores`
  ADD PRIMARY KEY (`choreID`),
  ADD KEY `choreID` (`choreID`);

--
-- Indexes for table `house`
--
ALTER TABLE `house`
  ADD PRIMARY KEY (`houseID`),
  ADD UNIQUE KEY `houseName` (`houseName`),
  ADD KEY `houseID` (`houseID`);

--
-- Indexes for table `houseChoresREAL`
--
ALTER TABLE `houseChoresREAL`
  ADD PRIMARY KEY (`houseName`,`roomName`,`choreName`);

--
-- Indexes for table `memberhouseassignment`
--
ALTER TABLE `memberhouseassignment`
  ADD PRIMARY KEY (`houseID`,`memberID`),
  ADD KEY `houseID` (`houseID`),
  ADD KEY `memberID` (`memberID`);

--
-- Indexes for table `members`
--
ALTER TABLE `members`
  ADD PRIMARY KEY (`memberID`) USING BTREE,
  ADD KEY `memberID` (`memberID`);

--
-- Indexes for table `room`
--
ALTER TABLE `room`
  ADD PRIMARY KEY (`roomID`),
  ADD KEY `roomID` (`roomID`);

--
-- Indexes for table `roomchoreAssignment`
--
ALTER TABLE `roomchoreAssignment`
  ADD PRIMARY KEY (`choreID`,`roomID`),
  ADD KEY `choreID` (`choreID`),
  ADD KEY `roomID` (`roomID`);

--
-- Indexes for table `roomhouseassignment`
--
ALTER TABLE `roomhouseassignment`
  ADD PRIMARY KEY (`houseID`,`roomID`),
  ADD KEY `houseID` (`houseID`),
  ADD KEY `roomID` (`roomID`);

--
-- AUTO_INCREMENT for dumped tables
--

--
-- AUTO_INCREMENT for table `choreassignment`
--
ALTER TABLE `choreassignment`
  MODIFY `choreassignmentID` int(11) NOT NULL AUTO_INCREMENT, AUTO_INCREMENT=38;
--
-- AUTO_INCREMENT for table `chorehouseassignment`
--
ALTER TABLE `chorehouseassignment`
  MODIFY `chorehouseassignmentID` int(11) NOT NULL AUTO_INCREMENT, AUTO_INCREMENT=2047;
--
-- AUTO_INCREMENT for table `chores`
--
ALTER TABLE `chores`
  MODIFY `choreID` int(11) NOT NULL AUTO_INCREMENT, AUTO_INCREMENT=152;
--
-- AUTO_INCREMENT for table `house`
--
ALTER TABLE `house`
  MODIFY `houseID` int(11) NOT NULL AUTO_INCREMENT, AUTO_INCREMENT=36;
--
-- AUTO_INCREMENT for table `members`
--
ALTER TABLE `members`
  MODIFY `memberID` int(11) NOT NULL AUTO_INCREMENT, AUTO_INCREMENT=57;
--
-- AUTO_INCREMENT for table `room`
--
ALTER TABLE `room`
  MODIFY `roomID` int(11) NOT NULL AUTO_INCREMENT, AUTO_INCREMENT=184;
--
-- Constraints for dumped tables
--

--
-- Constraints for table `chorehouseassignment`
--
ALTER TABLE `chorehouseassignment`
  ADD CONSTRAINT `chorehouse_assignment_ibfk_2` FOREIGN KEY (`choreID`) REFERENCES `chores` (`choreID`),
  ADD CONSTRAINT `chorehouse_assignment_ibfk_3` FOREIGN KEY (`houseID`) REFERENCES `house` (`houseID`);

--
-- Constraints for table `memberhouseassignment`
--
ALTER TABLE `memberhouseassignment`
  ADD CONSTRAINT `memberhouse_assignment_ibfk_2` FOREIGN KEY (`memberID`) REFERENCES `members` (`memberID`),
  ADD CONSTRAINT `memberhouse_assignment_ibfk_3` FOREIGN KEY (`houseID`) REFERENCES `house` (`houseID`);

--
-- Constraints for table `roomchoreAssignment`
--
ALTER TABLE `roomchoreAssignment`
  ADD CONSTRAINT `roomchore_assignment_ibfk_2` FOREIGN KEY (`roomID`) REFERENCES `room` (`roomID`),
  ADD CONSTRAINT `roomchore_assignment_ibfk_3` FOREIGN KEY (`choreID`) REFERENCES `chores` (`choreID`);

--
-- Constraints for table `roomhouseassignment`
--
ALTER TABLE `roomhouseassignment`
  ADD CONSTRAINT `roomhouse_assignment_ibfk_3` FOREIGN KEY (`houseID`) REFERENCES `house` (`houseID`),
  ADD CONSTRAINT `roomhouse_assignment_ibfk_4` FOREIGN KEY (`roomID`) REFERENCES `room` (`roomID`);
COMMIT;

/*!40101 SET CHARACTER_SET_CLIENT=@OLD_CHARACTER_SET_CLIENT */;
/*!40101 SET CHARACTER_SET_RESULTS=@OLD_CHARACTER_SET_RESULTS */;
/*!40101 SET COLLATION_CONNECTION=@OLD_COLLATION_CONNECTION */;
